frame,x_offset,turn
1,3.0,straight
2,0.0,straight
3,3.0,straight
4,0.0,straight
5,-1.391311544206792,straight
6,0.14105690170767504,straight
7,-2.858943098292325,straight
8,0.14105690170767504,straight
9,-2.858943098292325,straight
10,-1.556254489533702,straight
11,-4.556254489533702,straight
12,-7.2190417863494325,straight
13,-4.2190417863494325,straight
14,-1.2190417863494325,straight
15,-4.135184399670923,straight
16,-1.1351843996709228,straight
17,-4.135184399670923,straight
18,-7.135184399670923,straight
19,-9.986022681104217,straight
20,-9.98936830585684,straight
21,-12.98936830585684,straight
22,-15.98936830585684,straight
23,-18.98936830585684,straight
24,-21.98936830585684,straight
25,-24.43038767200718,straight
26,-27.43038767200718,straight
27,-24.43038767200718,straight
28,-21.43038767200718,straight
29,-18.43038767200718,straight
30,-15.430387672007178,straight
31,-12.430387672007178,straight
32,-9.430387672007178,straight
33,-6.430387672007178,straight
34,-9.430387672007178,straight
35,-6.430387672007178,straight
36,-3.4303876720071784,straight
37,-0.4303876720071784,straight
38,2.5696123279928216,straight
39,5.569612327992822,straight
40,8.569612327992822,straight
41,11.569612327992822,straight
42,8.569612327992822,straight
43,5.569612327992822,straight
44,2.5696123279928216,straight
45,5.569612327992822,straight
46,2.5696123279928216,straight
47,1.274703329329901,straight
48,0.5430222983729254,straight
49,2.033813017476513,straight
50,-0.7012501399755635,straight
51,-3.7012501399755635,straight
52,-0.7012501399755635,straight
53,-2.7288520255516633,straight
54,0.2711479744483367,straight
55,3.2711479744483367,straight
56,6.271147974448336,straight
57,3.2711479744483363,straight
58,6.271147974448336,straight
59,3.2711479744483363,straight
60,0.27114797444833627,straight
61,3.2711479744483363,straight
62,0.27114797444833627,straight
63,-2.7288520255516637,straight
64,0.27114797444833627,straight
65,-2.7288520255516637,straight
66,0.27114797444833627,straight
67,3.2711479744483363,straight
68,6.271147974448336,straight
69,9.271147974448336,straight
70,6.271147974448336,straight
71,3.2711479744483363,straight
72,0.27114797444833627,straight
73,-2.7288520255516637,straight
74,-5.728852025551664,straight
75,-8.728852025551664,straight
76,-7.45150325250062,straight
77,-10.45150325250062,straight
78,-13.45150325250062,straight
79,-10.45150325250062,straight
80,-7.9357132054720445,straight
81,-10.935713205472045,straight
82,-13.935713205472045,straight
83,-16.935713205472045,straight
84,-13.935713205472045,straight
85,-10.935713205472045,straight
86,-7.9357132054720445,straight
87,-4.9357132054720445,straight
88,-1.9357132054720445,straight
89,1.0642867945279555,straight
90,-1.9357132054720445,straight
91,1.0642867945279555,straight
92,4.0642867945279555,straight
93,7.0642867945279555,straight
94,10.064286794527955,straight
95,13.064286794527955,straight
96,16.064286794527955,straight
97,15.710191588768017,straight
98,12.710191588768017,straight
99,9.710191588768017,straight
100,6.7101915887680175,straight
101,9.710191588768017,straight
102,6.7101915887680175,straight
103,9.710191588768017,straight
104,12.710191588768017,straight
105,9.710191588768017,straight
106,12.710191588768017,straight
107,15.710191588768017,straight
108,18.71019158876802,straight
109,15.71019158876802,straight
110,18.71019158876802,straight
111,21.71019158876802,straight
112,24.71019158876802,straight
113,21.71019158876802,straight
114,18.71019158876802,straight
115,15.71019158876802,straight
116,14.601108296640831,straight
117,11.601108296640831,straight
118,8.601108296640831,straight
119,11.21658674717778,straight
120,10.169189809056384,straight
121,7.169189809056384,straight
122,10.169189809056384,straight
123,13.169189809056384,straight
124,10.169189809056384,straight
125,13.169189809056384,straight
126,10.169189809056384,straight
127,13.169189809056384,straight
128,10.169189809056384,straight
129,13.169189809056384,straight
130,10.169189809056384,straight
131,13.169189809056384,straight
132,10.169189809056384,straight
133,13.169189809056384,straight
134,16.169189809056384,straight
135,13.169189809056384,straight
136,10.169189809056384,straight
137,7.169189809056384,straight
138,4.169189809056384,straight
139,5.167458788545952,straight
140,8.167458788545952,straight
141,11.167458788545952,straight
142,8.167458788545952,straight
143,5.736312278826058,straight
144,2.736312278826058,straight
145,5.736312278826058,straight
146,2.736312278826058,straight
147,1.9210107769426905,straight
148,4.9210107769426905,straight
149,7.9210107769426905,straight
150,4.9210107769426905,straight
151,2.3212413839597925,straight
152,5.3212413839597925,straight
153,2.3212413839597925,straight
154,5.3212413839597925,straight
155,2.3212413839597925,straight
156,-0.6787586160402075,straight
157,2.3212413839597925,straight
158,-0.6787586160402075,straight
159,-2.744498874405265,straight
160,-5.744498874405265,straight
161,-8.744498874405265,straight
162,-6.717634585319148,straight
163,-3.717634585319148,straight
164,-0.7176345853191481,straight
165,1.7135800879805503,straight
166,4.71358008798055,straight
167,6.529937164982111,straight
168,6.867046392053165,straight
169,8.324403172156233,straight
170,5.796172760230941,straight
171,3.9366496445587207,straight
172,3.7493448170800607,straight
173,6.749344817080061,straight
174,9.749344817080061,straight
175,12.749344817080061,straight
176,15.749344817080061,straight
177,18.74934481708006,straight
178,21.74934481708006,straight
179,24.74934481708006,straight
180,21.74934481708006,straight
181,18.74934481708006,straight
182,15.749344817080061,straight
183,12.749344817080061,straight
184,9.749344817080061,straight
185,6.749344817080061,straight
186,5.146313410499639,straight
187,2.146313410499639,straight
188,-0.8536865895003611,straight
189,-3.853686589500361,straight
190,-1.7117507144205475,straight
191,1.2882492855794525,straight
192,4.288249285579452,straight
193,7.288249285579452,straight
194,10.288249285579452,straight
195,7.288249285579452,straight
196,4.288249285579452,straight
197,1.288249285579452,straight
198,-1.711750714420548,straight
199,-2.1983170082616326,straight
200,0.8016829917383674,straight
201,3.8016829917383674,straight
202,0.8016829917383674,straight
203,-2.1983170082616326,straight
204,0.8016829917383674,straight
205,3.8016829917383674,straight
206,0.8016829917383674,straight
207,-2.1983170082616326,straight
208,-5.198317008261633,straight
209,-2.1983170082616326,straight
210,0.8016829917383674,straight
211,3.8016829917383674,straight
212,6.801682991738367,straight
213,3.8016829917383674,straight
214,6.801682991738367,straight
215,5.259279962095041,straight
216,2.2592799620950412,straight
217,-0.7407200379049588,straight
218,-3.7407200379049588,straight
219,-6.740720037904959,straight
220,-5.0041249698442885,straight
221,-2.0041249698442885,straight
222,-0.6061463179674469,straight
223,-2.817375926875664,straight
224,0.18262407312433604,straight
225,2.664997771010274,straight
226,5.664997771010274,straight
227,8.664997771010274,straight
228,11.664997771010274,straight
229,14.664997771010274,straight
230,11.664997771010274,straight
231,8.664997771010274,straight
232,11.664997771010274,straight
233,13.454795998280096,straight
234,10.454795998280096,straight
235,7.454795998280096,straight
236,4.454795998280096,straight
237,1.8326057700867677,straight
238,-1.1673942299132323,straight
239,1.8326057700867677,straight
240,4.832605770086768,straight
241,7.832605770086768,straight
242,7.917920001224578,straight
243,6.7935749136754495,straight
244,4.408946191235662,straight
245,1.4089461912356622,straight
246,-1.5910538087643378,straight
247,1.4089461912356622,straight
248,2.364278939793148,straight
249,5.364278939793148,straight
250,8.364278939793149,straight
251,10.722997517982444,straight
252,13.722997517982444,straight
253,10.722997517982444,straight
254,11.366816032853633,straight
255,14.366816032853633,straight
256,11.366816032853633,straight
257,8.366816032853633,straight
258,11.366816032853633,straight
259,14.366816032853633,straight
260,15.508718275353623,straight
261,12.658226077712351,straight
262,9.658226077712351,straight
263,12.658226077712351,straight
264,15.658226077712351,straight
265,12.658226077712351,straight
266,15.658226077712351,straight
267,12.658226077712351,straight
268,10.756465690696036,straight
269,7.756465690696036,straight
270,10.756465690696036,straight
271,7.756465690696036,straight
272,4.756465690696036,straight
273,1.7564656906960359,straight
274,-1.2435343093039641,straight
275,1.7564656906960359,straight
276,4.756465690696036,straight
277,1.7564656906960359,straight
278,4.756465690696036,straight
279,7.756465690696036,straight
280,10.756465690696036,straight
281,13.756465690696036,straight
282,10.756465690696036,straight
283,7.756465690696036,straight
284,4.756465690696036,straight
285,1.7564656906960359,straight
286,2.5352334158254193,straight
287,5.535233415825419,straight
288,2.5352334158254193,straight
289,5.535233415825419,straight
290,2.5352334158254193,straight
291,5.535233415825419,straight
292,8.53523341582542,straight
293,11.53523341582542,straight
294,14.53523341582542,straight
295,13.074475328144539,straight
296,10.074475328144539,straight
297,13.074475328144539,straight
298,16.074475328144537,straight
299,13.074475328144537,straight
300,11.303871002261968,straight
301,8.303871002261968,straight
302,5.3038710022619675,straight
303,2.3038710022619675,straight
304,-0.6961289977380325,straight
305,-3.6961289977380325,straight
306,-0.6961289977380325,straight
307,2.3038710022619675,straight
308,1.514074067405963,straight
309,-1.485925932594037,straight
310,1.514074067405963,straight
311,-1.485925932594037,straight
312,1.514074067405963,straight
313,4.5140740674059625,straight
314,7.5140740674059625,straight
315,10.514074067405963,straight
316,13.514074067405963,straight
317,10.514074067405963,straight
318,10.103194817710158,straight
319,13.103194817710158,straight
320,10.103194817710158,straight
321,7.103194817710158,straight
322,4.103194817710158,straight
323,7.103194817710158,straight
324,10.103194817710158,straight
325,7.103194817710158,straight
326,6.773580706355173,straight
327,9.773580706355173,straight
328,12.564966854960423,straight
329,15.564966854960423,straight
330,12.564966854960423,straight
331,9.564966854960423,straight
332,12.564966854960423,straight
333,9.564966854960423,straight
334,12.564966854960423,straight
335,15.564966854960423,straight
336,12.564966854960423,straight
337,15.383152317940077,straight
338,18.383152317940077,straight
339,21.383152317940077,straight
340,24.383152317940077,straight
341,25.076787709940074,straight
342,22.076787709940074,straight
343,25.076787709940074,straight
344,28.076787709940074,straight
345,25.076787709940074,straight
346,22.076787709940074,straight
347,19.076787709940074,straight
348,21.033138630489653,straight
349,18.033138630489653,straight
350,21.033138630489653,straight
351,18.033138630489653,straight
352,15.033138630489653,straight
353,17.667795461685802,straight
354,14.867826878628753,straight
355,11.867826878628753,straight
356,8.867826878628753,straight
357,5.867826878628753,straight
358,2.867826878628753,straight
359,4.952781058074873,straight
360,7.952781058074873,straight
361,10.952781058074873,straight
362,13.952781058074873,straight
363,10.952781058074873,straight
364,7.952781058074873,straight
365,10.952781058074873,straight
366,7.952781058074873,straight
367,4.952781058074873,straight
368,7.952781058074873,straight
369,10.952781058074873,straight
370,13.952781058074873,straight
371,10.952781058074873,straight
372,13.952781058074873,straight
373,10.952781058074873,straight
374,7.952781058074873,straight
375,4.952781058074873,straight
376,1.9527810580748728,straight
377,-1.0472189419251272,straight
378,1.9527810580748728,straight
379,4.952781058074873,straight
380,7.952781058074873,straight
381,10.952781058074873,straight
382,7.952781058074873,straight
383,10.952781058074873,straight
384,7.952781058074873,straight
385,4.952781058074873,straight
386,1.9527810580748728,straight
387,-1.0472189419251272,straight
388,-4.047218941925127,straight
389,-1.0472189419251272,straight
390,1.9527810580748728,straight
391,-1.0472189419251272,straight
392,-4.047218941925127,straight
393,-7.047218941925127,straight
394,-6.281356172111342,straight
395,-6.186876530292464,straight
396,-3.186876530292464,straight
397,-0.18687653029246398,straight
398,2.813123469707536,straight
399,-0.18687653029246398,straight
400,2.813123469707536,straight
401,5.813123469707536,straight
402,8.813123469707536,straight
403,5.813123469707536,straight
404,8.813123469707536,straight
405,5.813123469707536,straight
406,8.813123469707536,straight
407,10.050548065206568,straight
408,13.050548065206568,straight
409,16.05054806520657,straight
410,19.05054806520657,straight
411,22.05054806520657,straight
412,25.05054806520657,straight
413,22.05054806520657,straight
414,19.05054806520657,straight
415,22.05054806520657,straight
416,19.05054806520657,straight
417,22.05054806520657,straight
418,25.05054806520657,straight
419,28.05054806520657,straight
420,31.05054806520657,straight
421,30.043405800768834,straight
422,33.04340580076884,straight
423,36.04340580076884,straight
424,39.04340580076884,straight
425,42.04340580076884,straight
426,45.04340580076884,straight
427,44.055148030379804,straight
428,47.055148030379804,straight
429,45.07160493145705,straight
430,48.07160493145705,straight
431,45.07160493145705,straight
432,42.07160493145705,straight
433,39.07160493145705,straight
434,36.07160493145705,straight
435,37.689397029419254,straight
436,34.689397029419254,straight
437,35.713525990403866,straight
438,34.25253535122638,straight
439,31.252535351226378,straight
440,34.25253535122638,straight
441,37.25253535122638,straight
442,40.25253535122638,straight
443,43.25253535122638,straight
444,46.25253535122638,straight
445,49.25253535122638,straight
446,52.25253535122638,straight
447,55.25253535122638,straight
448,58.25253535122638,straight
449,55.25253535122638,straight
450,52.25253535122638,straight
451,49.43537912689953,straight
452,52.43537912689953,straight
453,55.43537912689953,straight
454,52.43537912689953,straight
455,49.43537912689953,straight
456,46.43537912689953,straight
457,43.43537912689953,straight
458,44.73443903116444,straight
459,41.73443903116444,straight
460,44.73443903116444,straight
461,41.73443903116444,straight
462,40.3352247749011,straight
463,43.3352247749011,straight
464,46.3352247749011,straight
465,48.705779056631926,straight
466,45.705779056631926,straight
467,48.705779056631926,straight
468,51.705779056631926,straight
469,48.705779056631926,straight
470,51.705779056631926,straight
471,51.86860300341772,straight
472,48.86860300341772,straight
473,45.86860300341772,straight
474,42.86860300341772,straight
475,39.86860300341772,straight
476,36.86860300341772,straight
477,35.53876249694249,straight
478,32.53876249694249,straight
479,29.53876249694249,straight
480,32.53876249694249,straight
481,29.53876249694249,straight
482,26.53876249694249,straight
483,23.53876249694249,straight
484,25.515749519067157,straight
485,28.515749519067157,straight
486,31.515749519067157,straight
487,34.51574951906716,straight
488,37.51574951906716,straight
489,40.51574951906716,straight
490,37.51574951906716,straight
491,40.51574951906716,straight
492,43.51574951906716,straight
493,46.51574951906716,straight
494,48.29869505757804,straight
495,51.29869505757804,straight
496,49.38177605477212,straight
497,52.00790757458513,straight
498,51.488824369168775,straight
499,54.488824369168775,straight
500,51.488824369168775,straight
501,48.488824369168775,straight
502,49.8721233007634,straight
503,52.8721233007634,straight
504,49.8721233007634,straight
505,52.8721233007634,straight
506,55.8721233007634,straight
507,52.8721233007634,straight
508,55.8721233007634,straight
509,58.8721233007634,straight
510,55.8721233007634,straight
511,52.8721233007634,straight
512,49.8721233007634,straight
513,46.8721233007634,straight
514,47.115567271631875,straight
515,44.115567271631875,straight
516,41.115567271631875,straight
517,44.115567271631875,straight
518,41.115567271631875,straight
519,44.115567271631875,straight
520,47.115567271631875,straight
521,44.115567271631875,straight
522,41.115567271631875,straight
523,38.115567271631875,straight
524,35.115567271631875,straight
525,32.115567271631875,straight
526,29.115567271631875,straight
527,28.250447748716738,straight
528,28.941502347442018,straight
529,31.941502347442018,straight
530,34.94150234744202,straight
531,37.94150234744202,straight
532,34.94150234744202,straight
533,33.563382667343575,straight
534,30.563382667343575,straight
535,27.563382667343575,straight
536,28.954613379530677,straight
537,25.954613379530677,straight
538,22.954613379530677,straight
539,25.954613379530677,straight
540,28.954613379530677,straight
541,25.954613379530677,straight
542,28.954613379530677,straight
543,25.954613379530677,straight
544,28.954613379530677,straight
545,31.954613379530677,straight
546,34.95461337953068,straight
547,31.954613379530677,straight
548,34.95461337953068,straight
549,31.954613379530677,straight
550,28.954613379530677,straight
551,25.954613379530677,straight
552,28.954613379530677,straight
553,31.954613379530677,straight
554,33.919701430315506,straight
555,36.919701430315506,straight
556,37.642692904785136,straight
557,38.57236194606925,straight
558,35.57236194606925,straight
559,38.57236194606925,straight
560,38.26836808917843,straight
561,41.26836808917843,straight
562,44.26836808917843,straight
563,47.26836808917843,straight
564,50.257313419878045,straight
565,53.257313419878045,straight
566,53.83364524808974,straight
567,56.83364524808974,straight
568,53.83364524808974,straight
569,53.090311196529726,straight
570,55.70356534778138,straight
571,55.54564151265837,straight
572,58.54564151265837,straight
573,57.583625412965745,straight
574,60.583625412965745,straight
575,57.583625412965745,straight
576,54.583625412965745,straight
577,56.61756757683436,straight
578,55.878316391758325,straight
579,52.878316391758325,straight
580,55.878316391758325,straight
581,54.445296699915666,straight
582,57.06443462238694,straight
583,54.06443462238694,straight
584,57.06443462238694,straight
585,60.06443462238694,straight
586,57.06443462238694,straight
587,54.06443462238694,straight
588,51.06443462238694,straight
589,48.06443462238694,straight
590,45.06443462238694,straight
591,42.49201042930466,straight
592,39.49201042930466,straight
593,42.49201042930466,straight
594,45.49201042930466,straight
595,46.16469260883576,straight
596,44.76853497763865,straight
597,47.76853497763865,straight
598,44.76853497763865,straight
599,47.76853497763865,straight
600,47.520790152611845,straight
601,44.520790152611845,straight
602,41.520790152611845,straight
603,38.520790152611845,straight
604,36.60977339098378,straight
605,39.532670330106164,straight
606,42.532670330106164,straight
607,39.532670330106164,straight
608,42.532670330106164,straight
609,45.532670330106164,straight
610,48.532670330106164,straight
611,45.532670330106164,straight
612,42.99504996411411,straight
613,45.99504996411411,straight
614,42.99504996411411,straight
615,45.99504996411411,straight
616,48.99504996411411,straight
617,49.92440796898144,straight
618,52.18884680327993,straight
619,55.18884680327993,straight
620,57.412960965983565,straight
621,54.412960965983565,straight
622,51.412960965983565,straight
623,48.412960965983565,straight
624,45.412960965983565,straight
625,48.412960965983565,straight
626,51.412960965983565,straight
627,54.412960965983565,straight
628,57.412960965983565,straight
629,60.412960965983565,straight
630,57.412960965983565,straight
631,60.412960965983565,straight
632,63.412960965983565,left
633,66.41296096598356,left
634,69.41296096598356,left
635,72.41296096598356,left
636,75.41296096598356,left
637,75.2745087009453,left
638,78.2745087009453,straight
639,81.2745087009453,straight
640,80.26993263488428,straight
641,83.26993263488428,straight
642,86.26993263488428,straight
643,89.26993263488428,straight
644,92.26993263488428,straight
645,95.26993263488428,straight
646,98.26993263488428,straight
647,101.26993263488428,straight
648,104.26993263488428,straight
649,105.3941410957056,straight
650,102.3941410957056,straight
651,99.3941410957056,straight
652,96.3941410957056,straight
653,93.3941410957056,straight
654,90.3941410957056,straight
655,87.3941410957056,straight
656,84.3941410957056,straight
657,81.3941410957056,straight
658,84.3941410957056,straight
659,81.3941410957056,straight
660,78.3941410957056,straight
661,81.3941410957056,straight
662,84.3941410957056,straight
663,87.3941410957056,straight
664,90.3941410957056,straight
665,93.3941410957056,straight
666,96.3941410957056,straight
667,95.07910382452295,straight
668,98.07910382452295,straight
669,101.07910382452295,straight
670,98.07910382452295,right
671,95.07910382452295,straight
672,98.07910382452295,left
673,101.07910382452295,straight
674,98.07910382452295,straight
675,101.07910382452295,left
676,103.81063273270699,left
677,106.81063273270699,left
678,103.81063273270699,left
679,100.81063273270699,left
680,97.81063273270699,left
681,94.81063273270699,left
682,97.81063273270699,left
683,94.81063273270699,straight
684,91.81063273270699,straight
685,88.81063273270699,straight
686,85.81063273270699,straight
687,82.81063273270699,straight
688,79.81063273270699,straight
689,76.81063273270699,right
690,73.81063273270699,straight
691,71.09146040414534,straight
692,69.31748478584925,straight
693,66.31748478584925,straight
694,63.317484785849246,right
695,66.31748478584925,left
696,63.317484785849246,straight
697,60.317484785849246,straight
698,57.317484785849246,straight
699,54.317484785849246,straight
700,51.317484785849246,straight
701,48.317484785849246,straight
702,45.317484785849246,straight
703,42.317484785849246,straight
704,39.317484785849246,straight
705,36.317484785849246,straight
706,33.317484785849246,straight
707,30.317484785849246,right
708,27.317484785849246,straight
709,24.317484785849246,right
710,21.317484785849246,straight
711,18.317484785849246,straight
712,15.317484785849246,straight
713,12.317484785849246,straight
714,9.317484785849246,straight
715,12.317484785849246,straight
716,9.317484785849246,straight
717,6.3174847858492456,straight
718,3.3174847858492456,straight
719,6.3174847858492456,straight
720,9.317484785849246,straight
721,12.317484785849246,straight
722,15.317484785849246,straight
723,12.317484785849246,straight
724,15.317484785849246,straight
725,18.317484785849246,straight
726,17.55113172682645,straight
727,20.55113172682645,straight
728,17.55113172682645,straight
729,20.55113172682645,straight
730,23.55113172682645,straight
731,20.55113172682645,straight
732,23.55113172682645,straight
733,26.55113172682645,straight
734,23.55113172682645,straight
735,26.55113172682645,straight
736,23.55113172682645,straight
737,20.55113172682645,straight
738,20.74849900084806,straight
739,22.66306596932025,straight
740,19.66306596932025,straight
741,16.66306596932025,straight
742,19.66306596932025,straight
743,22.66306596932025,straight
744,24.714358971257703,straight
745,21.714358971257703,straight
746,18.714358971257703,straight
747,15.714358971257703,straight
748,18.714358971257703,straight
749,21.714358971257703,straight
750,24.714358971257703,straight
751,25.44079765551158,straight
752,22.44079765551158,straight
753,25.44079765551158,straight
754,28.44079765551158,straight
755,31.44079765551158,left
756,28.44079765551158,left
757,31.44079765551158,straight
758,28.44079765551158,straight
759,31.44079765551158,straight
760,34.44079765551158,straight
761,37.44079765551158,straight
762,34.44079765551158,straight
763,33.860535082343866,left
764,30.860535082343866,straight
765,33.01914340484282,straight
766,36.01914340484282,straight
767,33.408939742473265,straight
768,30.408939742473265,straight
769,33.408939742473265,straight
770,30.408939742473265,straight
771,27.408939742473265,straight
772,24.408939742473265,straight
773,21.408939742473265,straight
774,18.408939742473265,straight
775,17.162061427740365,straight
776,14.162061427740365,straight
777,11.162061427740365,straight
778,13.128914905978567,straight
779,10.128914905978567,straight
780,7.128914905978567,straight
781,4.128914905978567,straight
782,7.128914905978567,straight
783,10.128914905978567,straight
784,13.128914905978567,straight
785,10.128914905978567,right
786,8.041242804820074,straight
787,5.041242804820074,right
788,8.041242804820074,left
789,11.041242804820074,left
790,14.041242804820074,straight
791,11.550748453409451,right
792,8.550748453409451,right
793,11.550748453409451,left
794,14.550748453409451,straight
795,17.55074845340945,left
796,20.55074845340945,left
797,23.55074845340945,left
798,26.55074845340945,left
799,29.55074845340945,left
800,26.55074845340945,straight
801,23.55074845340945,straight
802,20.55074845340945,straight
803,23.55074845340945,left
804,26.55074845340945,left
805,29.55074845340945,left
806,32.550748453409454,left
807,35.550748453409454,left
808,38.550748453409454,left
809,35.550748453409454,straight
810,32.550748453409454,left
811,29.550748453409454,straight
812,26.550748453409454,straight
813,23.550748453409454,straight
814,20.550748453409454,straight
815,17.550748453409454,straight
816,14.550748453409454,straight
817,11.550748453409454,straight
818,8.550748453409454,straight
819,8.548156693358965,straight
820,11.548156693358965,left
821,14.548156693358965,straight
822,17.548156693358965,left
823,14.606085778286788,straight
824,13.866160907666693,right
825,13.646149590232548,straight
826,16.646149590232547,left
827,19.287958117914293,straight
828,22.287958117914293,left
829,23.17502863761777,straight
830,20.17502863761777,straight
831,23.17502863761777,left
832,26.17502863761777,left
833,29.17502863761777,left
834,26.17502863761777,straight
835,29.17502863761777,left
836,32.17502863761777,straight
837,29.17502863761777,straight
838,30.96997152151489,straight
839,33.96997152151489,straight
840,30.969971521514893,straight
841,27.969971521514893,straight
842,24.969971521514893,straight
843,21.969971521514893,straight
844,18.969971521514893,straight
845,15.969971521514893,straight
846,12.969971521514893,straight
847,9.969971521514893,straight
848,6.969971521514893,straight
849,3.9699715215148927,straight
850,0.9699715215148927,straight
851,-2.0300284784851073,straight
852,-5.030028478485107,straight
853,-8.030028478485107,straight
854,-11.030028478485107,straight
855,-14.030028478485107,straight
856,-11.030028478485107,straight
857,-8.030028478485107,straight
858,-8.709978069664123,straight
859,-5.709978069664123,straight
860,-8.709978069664123,right
861,-7.456903304968118,straight
862,-4.456903304968118,straight
863,-1.456903304968118,left
864,1.543096695031882,left
865,4.543096695031882,left
866,7.543096695031882,straight
867,10.543096695031881,left
868,13.543096695031881,left
869,16.54309669503188,left
870,19.54309669503188,left
871,22.54309669503188,left
872,25.54309669503188,left
873,28.54309669503188,left
874,25.54309669503188,straight
875,28.54309669503188,left
876,25.54309669503188,straight
877,24.859901919510836,straight
878,27.859901919510836,left
879,24.859901919510836,straight
880,27.859901919510836,left
881,24.859901919510836,straight
882,27.859901919510836,left
883,30.859901919510836,left
884,33.85990191951083,left
885,30.859901919510833,straight
886,29.604731698253225,left
887,26.92773334862706,straight
888,23.92773334862706,straight
889,20.92773334862706,straight
890,17.92773334862706,straight
891,14.927733348627061,straight
892,11.927733348627061,straight
893,8.927733348627061,straight
894,5.927733348627061,straight
895,2.9277333486270614,straight
896,-0.07226665137293864,straight
897,-3.0722666513729386,straight
898,-6.072266651372939,straight
899,-3.0722666513729386,straight
900,-0.07226665137293864,straight
901,2.9277333486270614,straight
902,5.927733348627061,straight
903,8.927733348627061,left
904,11.927733348627061,straight
905,13.464822914274114,straight
906,16.464822914274116,straight
907,19.122825905607435,straight
908,16.70352892665548,straight
909,19.70352892665548,left
910,22.70352892665548,straight
911,25.70352892665548,left
912,22.70352892665548,straight
913,21.315896311217603,straight
914,19.38250631494947,straight
915,18.98201016315982,straight
916,21.424997317790343,straight
917,18.424997317790343,straight
918,15.424997317790343,straight
919,18.424997317790343,straight
920,21.424997317790343,left
921,18.424997317790343,straight
922,21.424997317790343,straight
923,24.06782613931448,straight
924,27.06782613931448,straight
925,25.167625195332214,straight
926,22.167625195332214,straight
927,19.167625195332214,straight
928,16.167625195332214,straight
929,13.167625195332214,straight
930,10.167625195332214,straight
931,7.167625195332214,straight
932,4.167625195332214,straight
933,1.1676251953322137,straight
934,-1.8323748046677863,straight
935,-4.832374804667786,straight
936,-7.832374804667786,straight
937,-10.832374804667786,straight
938,-7.832374804667786,straight
939,-10.832374804667786,straight
940,-7.832374804667786,straight
941,-4.832374804667786,straight
942,-1.8323748046677863,left
943,1.1676251953322137,straight
944,4.167625195332214,straight
945,7.167625195332214,left
946,10.167625195332214,straight
947,7.167625195332214,straight
948,4.167625195332214,straight
949,7.167625195332214,left
950,10.167625195332214,left
951,12.579064460171747,straight
952,15.579064460171747,left
953,12.579064460171747,straight
954,12.515134250480454,straight
955,10.490716066806769,straight
956,11.062851187253353,straight
957,14.062851187253353,straight
958,17.06285118725335,left
959,20.06285118725335,straight
960,21.784690251359798,left
961,22.16731196783085,straight
962,25.16731196783085,left
963,25.07817927235986,straight
964,25.492413473053045,straight
965,28.492413473053045,straight
966,25.492413473053045,straight
967,22.492413473053045,straight
968,19.492413473053045,straight
969,16.492413473053045,straight
970,13.492413473053045,straight
971,10.492413473053045,straight
972,7.492413473053045,straight
973,4.492413473053045,straight
974,5.821988317596547,straight
975,2.8219883175965466,straight
976,-0.17801168240345344,straight
977,2.8219883175965466,straight
978,-0.17801168240345344,straight
979,-3.1780116824034534,straight
980,-6.178011682403453,straight
981,-3.1780116824034534,straight
982,-0.17801168240345344,straight
983,2.8219883175965466,straight
984,5.821988317596547,left
985,8.821988317596546,straight
986,6.321934685735911,straight
987,3.3219346857359113,straight
988,6.321934685735911,left
989,6.529061607063284,straight
990,9.529061607063284,left
991,6.529061607063284,straight
992,9.529061607063284,straight
993,12.529061607063284,left
994,15.529061607063284,left
995,12.529061607063284,straight
996,15.529061607063284,straight
997,18.529061607063284,straight
998,21.529061607063284,straight
999,24.529061607063284,left
1000,27.529061607063284,left
1001,30.529061607063284,left
1002,33.529061607063284,straight
1003,30.529061607063284,straight
1004,33.529061607063284,straight
1005,36.529061607063284,left
1006,33.529061607063284,straight
1007,30.529061607063284,straight
1008,27.529061607063284,straight
1009,24.529061607063284,straight
1010,21.529061607063284,straight
1011,18.529061607063284,straight
1012,15.529061607063284,straight
1013,12.529061607063284,straight
1014,9.529061607063284,straight
1015,6.529061607063284,straight
1016,3.5290616070632836,straight
1017,0.5290616070632836,straight
1018,-2.4709383929367164,straight
1019,-5.470938392936716,straight
1020,-3.9343964482658063,straight
1021,-6.934396448265806,straight
1022,-3.9343964482658063,straight
1023,-2.1993222597680684,straight
1024,0.8006777402319316,straight
1025,3.8006777402319316,left
1026,6.800677740231931,left
1027,9.800677740231931,straight
1028,12.800677740231931,straight
1029,15.800677740231931,straight
1030,12.800677740231931,straight
1031,13.300127024795607,straight
1032,16.300127024795607,straight
1033,19.300127024795607,straight
1034,22.300127024795607,straight
1035,25.300127024795607,straight
1036,22.300127024795607,straight
1037,19.300127024795607,straight
1038,22.300127024795607,left
1039,20.90585876228449,straight
1040,23.90585876228449,straight
1041,26.90585876228449,straight
1042,29.90585876228449,straight
1043,31.32820829757032,straight
1044,34.32820829757032,left
1045,37.32820829757032,left
1046,40.32820829757032,left
1047,43.32820829757032,left
1048,40.32820829757032,straight
1049,38.82876242413684,straight
1050,35.82876242413684,straight
1051,38.82876242413684,straight
1052,41.82876242413684,straight
1053,38.82876242413684,straight
1054,39.84167772104329,straight
1055,36.84167772104329,straight
1056,33.84167772104329,straight
1057,30.84167772104329,straight
1058,27.84167772104329,straight
1059,24.84167772104329,straight
1060,21.84167772104329,straight
1061,18.84167772104329,straight
1062,15.84167772104329,straight
1063,12.84167772104329,straight
1064,9.84167772104329,straight
1065,12.84167772104329,straight
1066,9.84167772104329,straight
1067,10.891177787659041,straight
1068,13.891177787659041,straight
1069,10.891177787659041,straight
1070,13.891177787659041,straight
1071,14.286440177595269,straight
1072,17.286440177595267,straight
1073,14.286440177595267,straight
1074,17.286440177595267,straight
1075,20.286440177595267,straight
1076,17.286440177595267,straight
1077,20.286440177595267,straight
1078,23.286440177595267,straight
1079,26.286440177595267,straight
1080,23.286440177595267,straight
1081,26.140481834597516,straight
1082,25.146752560888324,straight
1083,28.146752560888324,straight
1084,31.146752560888324,straight
1085,34.146752560888324,straight
1086,37.146752560888324,straight
1087,40.146752560888324,straight
1088,43.146752560888324,straight
1089,45.542065231870694,straight
1090,42.542065231870694,straight
1091,39.542065231870694,straight
1092,36.542065231870694,straight
1093,33.542065231870694,straight
1094,30.542065231870694,straight
1095,27.542065231870694,straight
1096,30.542065231870694,straight
1097,27.542065231870694,straight
1098,24.542065231870694,straight
1099,21.542065231870694,straight
1100,18.542065231870694,straight
1101,21.542065231870694,left
1102,24.542065231870694,straight
1103,27.542065231870694,straight
1104,24.542065231870694,straight
1105,27.542065231870694,straight
1106,24.542065231870694,straight
1107,27.542065231870694,straight
1108,24.542065231870694,straight
1109,21.542065231870694,straight
1110,24.542065231870694,straight
1111,21.542065231870694,straight
1112,24.542065231870694,straight
1113,25.208633893295097,straight
1114,28.208633893295097,straight
1115,26.463473122705054,straight
1116,29.463473122705054,straight
1117,32.463473122705054,straight
1118,29.463473122705054,straight
1119,32.463473122705054,straight
1120,35.463473122705054,straight
1121,32.463473122705054,straight
1122,35.463473122705054,straight
1123,32.463473122705054,straight
1124,29.463473122705054,straight
1125,26.463473122705054,straight
1126,23.463473122705054,straight
1127,20.463473122705054,straight
1128,17.463473122705054,straight
1129,14.463473122705054,straight
1130,11.463473122705054,straight
1131,8.463473122705054,straight
1132,5.463473122705054,straight
1133,2.4634731227050537,straight
1134,-0.5365268772949463,straight
1135,-3.5365268772949463,straight
1136,-6.536526877294946,straight
1137,-3.5365268772949463,straight
1138,-0.5365268772949463,straight
1139,-3.2716811684391702,straight
1140,-0.27168116843917023,straight
1141,2.7283188315608298,straight
1142,5.642315692647335,straight
1143,2.642315692647335,straight
1144,3.310096326633895,straight
1145,0.3100963266338952,straight
1146,-2.689903673366105,straight
1147,-5.689903673366105,straight
1148,-8.075288815143791,straight
1149,-8.198674254828175,straight
1150,-11.198674254828175,straight
1151,-14.198674254828175,straight
1152,-17.198674254828177,straight
1153,-20.198674254828177,straight
1154,-17.198674254828177,straight
1155,-20.198674254828177,straight
1156,-23.198674254828177,straight
1157,-25.430410887312746,straight
1158,-28.430410887312746,right
1159,-31.430410887312746,straight
1160,-28.430410887312746,straight
1161,-25.959320557218508,straight
1162,-22.959320557218508,straight
1163,-19.959320557218508,straight
1164,-16.959320557218508,straight
1165,-19.959320557218508,straight
1166,-16.959320557218508,straight
1167,-13.959320557218508,straight
1168,-10.959320557218508,straight
1169,-7.959320557218508,straight
1170,-4.959320557218508,straight
1171,-1.9593205572185077,straight
1172,1.0406794427814923,straight
1173,4.040679442781492,straight
1174,7.040679442781492,straight
1175,10.040679442781492,straight
1176,13.040679442781492,straight
1177,16.040679442781492,straight
1178,19.040679442781492,straight
1179,16.937048955605142,right
1180,13.937048955605142,right
1181,10.937048955605142,straight
1182,7.9370489556051425,straight
1183,4.9370489556051425,straight
1184,1.9370489556051425,straight
1185,-1.0629510443948575,straight
1186,-4.0629510443948575,straight
1187,-7.0629510443948575,straight
1188,-10.062951044394858,straight
1189,-13.062951044394858,straight
1190,-13.508314738352151,straight
1191,-16.50831473835215,right
1192,-19.50831473835215,right
1193,-22.50831473835215,straight
1194,-19.50831473835215,straight
1195,-17.54436546589537,straight
1196,-14.544365465895371,straight
1197,-11.544365465895371,straight
1198,-8.544365465895371,straight
1199,-5.544365465895371,straight
1200,-2.544365465895371,straight
1201,0.45563453410462884,straight
1202,3.455634534104629,straight
1203,5.991703573229662,straight
1204,8.991703573229662,straight
1205,11.57629579073095,straight
1206,8.725195797373484,straight
1207,11.388942678954047,straight
1208,8.388942678954047,straight
1209,5.388942678954047,right
1210,2.388942678954047,straight
1211,-0.6110573210459531,straight
1212,-2.5404962083070517,straight
1213,-2.808312709526425,straight
1214,-4.011807191631686,straight
1215,-1.0118071916316858,left
1216,0.35213984866321946,straight
1217,3.3521398486632195,straight
1218,0.35213984866321946,straight
1219,3.3115488618750466,straight
1220,6.311548861875046,straight
1221,7.281485413347599,straight
1222,9.226920316509554,straight
1223,12.226920316509554,straight
1224,10.646469357731705,straight
1225,13.298338067145746,straight
1226,10.298338067145746,straight
1227,7.5169263586687265,straight
1228,4.5169263586687265,straight
1229,1.5169263586687265,straight
1230,-1.4830736413312735,straight
1231,-4.4830736413312735,straight
1232,-1.4830736413312735,straight
1233,-0.6895732420027002,straight
1234,2.3104267579972997,straight
1235,5.250595413508627,straight
1236,8.250595413508627,straight
1237,7.049024443716559,straight
1238,10.049024443716558,straight
1239,7.049024443716558,straight
1240,4.049024443716558,straight
1241,1.049024443716558,straight
1242,4.049024443716558,straight
1243,1.9024941484361393,straight
1244,-1.0975058515638607,straight
1245,1.9024941484361393,straight
1246,4.902494148436139,straight
1247,1.9024941484361388,straight
1248,-1.0975058515638612,straight
1249,1.9024941484361388,straight
1250,4.902494148436139,straight
1251,7.902494148436139,straight
1252,10.902494148436139,straight
1253,13.902494148436139,straight
1254,16.90249414843614,straight
1255,19.90249414843614,straight
1256,22.90249414843614,straight
1257,19.90249414843614,straight
1258,16.90249414843614,straight
1259,19.90249414843614,straight
1260,16.90249414843614,straight
1261,13.90249414843614,straight
1262,16.90249414843614,straight
1263,13.90249414843614,straight
1264,11.47853586710084,straight
1265,14.47853586710084,straight
1266,11.565123250613711,straight
1267,14.565123250613711,straight
1268,12.802610185383994,straight
1269,9.802610185383994,straight
1270,6.802610185383994,straight
1271,3.802610185383994,straight
1272,6.802610185383994,straight
1273,9.802610185383994,straight
1274,12.802610185383994,straight
1275,15.802610185383994,straight
1276,18.802610185383994,straight
1277,21.802610185383994,straight
1278,18.802610185383994,straight
1279,21.802610185383994,straight
1280,24.802610185383994,straight
1281,27.802610185383994,straight
1282,24.802610185383994,straight
1283,21.802610185383994,straight
1284,18.802610185383994,straight
1285,15.802610185383994,straight
1286,14.375495492049955,straight
1287,11.375495492049955,straight
1288,8.375495492049955,straight
1289,5.375495492049955,straight
1290,2.3754954920499554,right
1291,-0.6245045079500446,straight
1292,-3.6245045079500446,straight
1293,-6.624504507950045,straight
1294,-9.624504507950045,straight
1295,-12.624504507950045,straight
1296,-15.624504507950045,straight
1297,-15.032674969490275,left
1298,-18.032674969490273,straight
1299,-15.032674969490273,straight
1300,-18.032674969490273,straight
1301,-15.032674969490273,straight
1302,-12.032674969490273,straight
1303,-10.052998194725252,straight
1304,-13.052998194725252,straight
1305,-13.012797851004294,straight
1306,-10.012797851004294,straight
1307,-13.012797851004294,straight
1308,-13.317528832104596,straight
1309,-10.317528832104596,straight
1310,-7.473376599902608,straight
1311,-4.473376599902608,straight
1312,-6.997017841248283,straight
1313,-3.997017841248283,straight
1314,-0.9970178412482831,straight
1315,-0.17339268825884624,straight
1316,2.826607311741154,straight
1317,5.826607311741154,straight
1318,8.826607311741153,straight
1319,11.826607311741153,straight
1320,14.40825665028053,straight
1321,16.80559889528782,straight
1322,19.80559889528782,straight
1323,20.585980885260064,straight
1324,23.585980885260064,straight
1325,24.734546012418157,straight
1326,27.734546012418157,straight
1327,30.734546012418157,straight
1328,27.734546012418157,straight
1329,30.734546012418157,straight
1330,33.73454601241816,straight
1331,30.734546012418157,straight
1332,27.734546012418157,straight
1333,24.734546012418157,straight
1334,21.734546012418157,straight
1335,18.734546012418157,straight
1336,15.734546012418157,straight
1337,12.734546012418157,straight
1338,14.177301204435008,straight
1339,11.177301204435008,straight
1340,14.177301204435008,straight
1341,11.177301204435008,straight
1342,8.177301204435008,straight
1343,11.177301204435008,straight
1344,14.177301204435008,straight
1345,14.44082506453636,straight
1346,12.74948461303258,straight
1347,10.61375661953615,straight
1348,7.613756619536151,straight
1349,10.61375661953615,straight
1350,13.61375661953615,straight
1351,16.61375661953615,straight
1352,19.61375661953615,straight
1353,16.61375661953615,straight
1354,13.61375661953615,straight
1355,11.010087350025756,straight
1356,13.192892595417504,straight
1357,16.192892595417504,straight
1358,13.192892595417504,right
1359,10.192892595417504,straight
1360,7.192892595417504,straight
1361,4.4880789796046425,straight
1362,2.330784235859032,straight
1363,5.330784235859031,straight
1364,6.833968621711895,straight
1365,5.8918851782041815,straight
1366,4.245049229662031,straight
1367,5.692837767759932,straight
1368,5.198365684224978,straight
1369,3.0080781337560976,straight
1370,6.008078133756097,straight
1371,9.008078133756097,straight
1372,6.056085235251109,straight
1373,9.056085235251109,straight
1374,6.056085235251109,straight
1375,9.056085235251109,straight
1376,12.056085235251109,straight
1377,15.056085235251109,straight
1378,15.750743531758637,straight
1379,18.750743531758637,straight
1380,21.750743531758637,straight
1381,21.50620957018495,straight
1382,24.50620957018495,straight
1383,27.50620957018495,straight
1384,30.50620957018495,straight
1385,31.47113287799946,straight
1386,28.47113287799946,straight
1387,25.47113287799946,straight
1388,22.47113287799946,straight
1389,19.47113287799946,straight
1390,16.47113287799946,straight
1391,13.471132877999459,straight
1392,10.471132877999459,straight
1393,7.471132877999459,straight
1394,4.471132877999459,straight
1395,4.718784205892535,straight
1396,7.015763497671005,straight
1397,7.6124963001197115,straight
1398,10.612496300119712,straight
1399,12.383428993411481,straight
1400,9.383428993411481,straight
1401,10.19351754496465,straight
1402,13.19351754496465,straight
1403,10.19351754496465,straight
1404,7.761500237547205,straight
1405,4.761500237547205,straight
1406,7.761500237547205,straight
1407,10.275053184345593,straight
1408,13.275053184345593,straight
1409,10.275053184345593,straight
1410,13.275053184345593,straight
1411,10.275053184345593,straight
1412,7.275053184345593,straight
1413,4.275053184345593,straight
1414,1.2750531843455928,straight
1415,-1.7249468156544072,straight
1416,-4.724946815654407,straight
1417,-7.724946815654407,straight
1418,-5.211813885106938,straight
1419,-8.211813885106938,straight
1420,-10.114774245427558,straight
1421,-11.850662851898054,straight
1422,-14.850662851898054,left
1423,-17.665967814433046,straight
1424,-15.91341520485986,straight
1425,-18.91341520485986,straight
1426,-21.264848927793036,straight
1427,-18.264848927793036,straight
1428,-15.264848927793036,right
1429,-12.264848927793036,straight
1430,-13.663501448996758,straight
1431,-10.663501448996758,straight
1432,-7.663501448996758,straight
1433,-6.125978635148911,straight
1434,-3.125978635148911,straight
1435,-5.982192757798714,straight
1436,-2.982192757798714,straight
1437,0.017807242201286044,straight
1438,3.017807242201286,straight
1439,6.017807242201286,straight
1440,7.394412494587686,straight
1441,10.394412494587687,straight
1442,13.394412494587687,straight
1443,16.394412494587687,straight
1444,19.394412494587687,straight
1445,22.394412494587687,straight
1446,23.389024071813164,straight
1447,26.389024071813164,straight
1448,23.389024071813164,straight
1449,26.389024071813164,straight
1450,23.389024071813164,straight
1451,26.389024071813164,straight
1452,23.389024071813164,straight
1453,23.334800487820186,straight
1454,25.90129077264141,straight
1455,22.90129077264141,straight
1456,25.022242087984303,straight
1457,22.022242087984303,straight
1458,19.022242087984303,straight
1459,16.022242087984303,straight
1460,18.364108398328636,straight
1461,15.364108398328636,straight
1462,18.364108398328636,straight
1463,21.32145249345086,straight
1464,19.659125368191187,straight
1465,22.659125368191187,straight
1466,19.659125368191187,straight
1467,16.659125368191187,straight
1468,19.659125368191187,straight
1469,16.659125368191187,straight
1470,16.74196707634476,straight
1471,13.74196707634476,straight
1472,16.74196707634476,straight
1473,13.74196707634476,straight
1474,10.74196707634476,straight
1475,7.741967076344761,straight
1476,5.965165152021766,straight
1477,8.965165152021765,straight
1478,11.965165152021765,straight
1479,13.56510492463776,straight
1480,16.565104924637758,straight
1481,13.565104924637758,straight
1482,13.525413713173595,straight
1483,11.990442425456209,straight
1484,8.990442425456209,straight
1485,5.990442425456209,straight
1486,8.990442425456209,straight
1487,5.990442425456209,straight
1488,2.9904424254562088,straight
1489,-0.009557574543791247,straight
1490,2.9904424254562088,straight
1491,1.7320827268869492,straight
1492,4.0657679701289045,straight
1493,1.0657679701289045,straight
1494,-1.9342320298710955,straight
1495,1.0657679701289045,straight
1496,-1.9342320298710955,straight
1497,-4.081525636245839,straight
1498,-1.0815256362458392,straight
1499,1.9184743637541608,straight
1500,4.918474363754161,straight
1501,7.484153848277666,straight
1502,10.484153848277666,straight
1503,7.484153848277666,straight
1504,10.484153848277666,straight
1505,12.578627469194142,straight
1506,9.578627469194142,straight
1507,8.721440383476736,straight
1508,9.160970592445008,straight
1509,6.1609705924450076,straight
1510,3.1609705924450076,straight
1511,0.16097059244500755,straight
1512,-2.8390294075549924,straight
1513,-5.8390294075549924,straight
1514,-5.84718038927704,straight
1515,-2.8471803892770398,straight
1516,0.15281961072296024,straight
1517,3.1528196107229602,straight
1518,0.15281961072296024,straight
1519,-2.8471803892770398,straight
1520,-3.16421919795798,straight
1521,-0.1642191979579799,straight
1522,-3.16421919795798,straight
1523,-6.16421919795798,straight
1524,-9.16421919795798,straight
1525,-7.149922750826434,straight
1526,-4.149922750826434,straight
1527,-1.149922750826434,straight
1528,-4.149922750826434,straight
1529,-3.659374973468073,straight
1530,-0.659374973468073,straight
1531,-3.659374973468073,straight
1532,-6.659374973468073,straight
1533,-4.757051373696445,straight
1534,-7.757051373696445,straight
1535,-10.757051373696445,straight
1536,-12.278908187183564,straight
1537,-9.278908187183564,straight
1538,-11.395991488129019,straight
1539,-14.395991488129019,straight
1540,-11.395991488129019,straight
1541,-8.395991488129019,straight
1542,-5.3959914881290185,straight
1543,-8.395991488129019,straight
1544,-5.3959914881290185,straight
1545,-2.3959914881290185,straight
1546,0.6040085118709815,straight
1547,3.6040085118709815,straight
1548,6.6040085118709815,left
1549,9.604008511870981,straight
1550,12.604008511870981,straight
1551,15.604008511870981,straight
1552,12.604008511870981,straight
1553,15.604008511870981,straight
1554,12.604008511870981,straight
1555,9.604008511870981,straight
1556,6.6040085118709815,straight
1557,3.6040085118709815,straight
1558,0.6040085118709815,straight
1559,-2.3959914881290185,straight
1560,-5.3959914881290185,straight
1561,-8.395991488129019,straight
1562,-10.206790571824165,straight
1563,-7.206790571824165,straight
1564,-4.206790571824165,straight
1565,-1.5768498317633597,straight
1566,1.4231501682366403,straight
1567,4.42315016823664,straight
1568,7.42315016823664,straight
1569,10.42315016823664,straight
1570,13.42315016823664,straight
1571,16.42315016823664,straight
1572,19.42315016823664,straight
1573,22.42315016823664,straight
1574,25.42315016823664,straight
1575,28.42315016823664,straight
1576,31.42315016823664,straight
1577,28.42315016823664,straight
1578,31.42315016823664,straight
1579,28.42315016823664,straight
1580,25.42315016823664,straight
1581,22.42315016823664,straight
1582,19.42315016823664,straight
1583,16.42315016823664,straight
1584,13.423150168236639,straight
1585,10.423150168236639,straight
1586,7.4231501682366385,straight
1587,9.511326834618483,straight
1588,6.511326834618483,straight
